[{"model": "admin.logentry", "pk": 1, "fields": {"action_time": "2024-07-26T07:00:18.242Z", "user": 1, "content_type": 7, "object_id": "1", "object_repr": "WA 2023-01-01 - None", "action_flag": 1, "change_message": "[{\"added\": {}}]"}}, {"model": "admin.logentry", "pk": 2, "fields": {"action_time": "2024-07-26T07:01:59.776Z", "user": 1, "content_type": 7, "object_id": "2", "object_repr": "CP 2023-01-01 - None", "action_flag": 1, "change_message": "[{\"added\": {}}]"}}, {"model": "admin.logentry", "pk": 3, "fields": {"action_time": "2024-07-26T07:06:14.191Z", "user": 1, "content_type": 13, "object_id": "1", "object_repr": "1-2023", "action_flag": 1, "change_message": "[{\"added\": {}}]"}}, {"model": "admin.logentry", "pk": 4, "fields": {"action_time": "2024-07-26T07:06:25.936Z", "user": 1, "content_type": 13, "object_id": "2", "object_repr": "2-2023", "action_flag": 1, "change_message": "[{\"added\": {}}]"}}, {"model": "admin.logentry", "pk": 5, "fields": {"action_time": "2024-07-26T07:06:34.869Z", "user": 1, "content_type": 13, "object_id": "3", "object_repr": "3-2023", "action_flag": 1, "change_message": "[{\"added\": {}}]"}}, {"model": "admin.logentry", "pk": 6, "fields": {"action_time": "2024-07-26T07:06:55.459Z", "user": 1, "content_type": 13, "object_id": "4", "object_repr": "4-2023", "action_flag": 1, "change_message": "[{\"added\": {}}]"}}, {"model": "admin.logentry", "pk": 7, "fields": {"action_time": "2024-07-26T07:07:11.703Z", "user": 1, "content_type": 13, "object_id": "5", "object_repr": "5-2023", "action_flag": 1, "change_message": "[{\"added\": {}}]"}}, {"model": "admin.logentry", "pk": 8, "fields": {"action_time": "2024-07-26T07:07:27.604Z", "user": 1, "content_type": 13, "object_id": "6", "object_repr": "6-2023", "action_flag": 1, "change_message": "[{\"added\": {}}]"}}, {"model": "admin.logentry", "pk": 9, "fields": {"action_time": "2024-07-26T07:07:37.137Z", "user": 1, "content_type": 13, "object_id": "7", "object_repr": "7-2023", "action_flag": 1, "change_message": "[{\"added\": {}}]"}}, {"model": "admin.logentry", "pk": 10, "fields": {"action_time": "2024-07-26T07:07:45.505Z", "user": 1, "content_type": 13, "object_id": "8", "object_repr": "8-2023", "action_flag": 1, "change_message": "[{\"added\": {}}]"}}, {"model": "admin.logentry", "pk": 11, "fields": {"action_time": "2024-07-26T07:07:55.969Z", "user": 1, "content_type": 13, "object_id": "9", "object_repr": "9-2023", "action_flag": 1, "change_message": "[{\"added\": {}}]"}}, {"model": "admin.logentry", "pk": 12, "fields": {"action_time": "2024-07-26T07:08:05.398Z", "user": 1, "content_type": 13, "object_id": "10", "object_repr": "10-2023", "action_flag": 1, "change_message": "[{\"added\": {}}]"}}, {"model": "admin.logentry", "pk": 13, "fields": {"action_time": "2024-07-26T07:08:13.094Z", "user": 1, "content_type": 13, "object_id": "11", "object_repr": "11-2023", "action_flag": 1, "change_message": "[{\"added\": {}}]"}}, {"model": "admin.logentry", "pk": 14, "fields": {"action_time": "2024-07-26T07:08:20.384Z", "user": 1, "content_type": 13, "object_id": "12", "object_repr": "12-2023", "action_flag": 1, "change_message": "[{\"added\": {}}]"}}, {"model": "admin.logentry", "pk": 15, "fields": {"action_time": "2024-07-26T07:08:36.274Z", "user": 1, "content_type": 13, "object_id": "13", "object_repr": "1-2024", "action_flag": 1, "change_message": "[{\"added\": {}}]"}}, {"model": "admin.logentry", "pk": 16, "fields": {"action_time": "2024-07-26T07:08:42.041Z", "user": 1, "content_type": 13, "object_id": "14", "object_repr": "2-2024", "action_flag": 1, "change_message": "[{\"added\": {}}]"}}, {"model": "admin.logentry", "pk": 17, "fields": {"action_time": "2024-07-26T07:08:49.091Z", "user": 1, "content_type": 13, "object_id": "15", "object_repr": "3-2024", "action_flag": 1, "change_message": "[{\"added\": {}}]"}}, {"model": "admin.logentry", "pk": 18, "fields": {"action_time": "2024-07-26T07:08:57.795Z", "user": 1, "content_type": 13, "object_id": "16", "object_repr": "5-2024", "action_flag": 1, "change_message": "[{\"added\": {}}]"}}, {"model": "admin.logentry", "pk": 19, "fields": {"action_time": "2024-07-26T07:09:08.229Z", "user": 1, "content_type": 13, "object_id": "17", "object_repr": "6-2024", "action_flag": 1, "change_message": "[{\"added\": {}}]"}}, {"model": "admin.logentry", "pk": 20, "fields": {"action_time": "2024-07-26T07:09:16.769Z", "user": 1, "content_type": 13, "object_id": "18", "object_repr": "7-2024", "action_flag": 1, "change_message": "[{\"added\": {}}]"}}, {"model": "admin.logentry", "pk": 21, "fields": {"action_time": "2024-07-26T07:09:50.446Z", "user": 1, "content_type": 13, "object_id": "19", "object_repr": "4-2024", "action_flag": 1, "change_message": "[{\"added\": {}}]"}}, {"model": "admin.logentry", "pk": 22, "fields": {"action_time": "2024-07-26T07:10:47.872Z", "user": 1, "content_type": 10, "object_id": "1", "object_repr": "Невский пр., д.1", "action_flag": 1, "change_message": "[{\"added\": {}}]"}}, {"model": "admin.logentry", "pk": 23, "fields": {"action_time": "2024-07-26T07:11:05.631Z", "user": 1, "content_type": 10, "object_id": "2", "object_repr": "Невский пр., д.22, корп.1", "action_flag": 1, "change_message": "[{\"added\": {}}]"}}, {"model": "admin.logentry", "pk": 24, "fields": {"action_time": "2024-07-26T07:11:56.118Z", "user": 1, "content_type": 10, "object_id": "3", "object_repr": "Английская наб., д.13", "action_flag": 1, "change_message": "[{\"added\": {}}]"}}, {"model": "admin.logentry", "pk": 25, "fields": {"action_time": "2024-07-26T07:12:33.302Z", "user": 1, "content_type": 10, "object_id": "4", "object_repr": "Садовая ул., д.2, корп.2", "action_flag": 1, "change_message": "[{\"added\": {}}]"}}, {"model": "admin.logentry", "pk": 26, "fields": {"action_time": "2024-07-26T07:14:30.892Z", "user": 1, "content_type": 9, "object_id": "1", "object_repr": "Невский пр., д.1, кв.1", "action_flag": 1, "change_message": "[{\"added\": {}}, {\"added\": {\"name\": \"counter\", \"object\": \"w00003\"}}, {\"added\": {\"name\": \"counter\", \"object\": \"w00024\"}}]"}}, {"model": "admin.logentry", "pk": 27, "fields": {"action_time": "2024-07-26T07:15:39.004Z", "user": 1, "content_type": 9, "object_id": "2", "object_repr": "Невский пр., д.1, кв.2", "action_flag": 1, "change_message": "[{\"added\": {}}, {\"added\": {\"name\": \"counter\", \"object\": \"w00004\"}}, {\"added\": {\"name\": \"counter\", \"object\": \"w00028\"}}]"}}, {"model": "admin.logentry", "pk": 28, "fields": {"action_time": "2024-07-26T07:16:33.134Z", "user": 1, "content_type": 9, "object_id": "3", "object_repr": "Невский пр., д.1, кв.3", "action_flag": 1, "change_message": "[{\"added\": {}}, {\"added\": {\"name\": \"counter\", \"object\": \"123456\"}}, {\"added\": {\"name\": \"counter\", \"object\": \"234567\"}}]"}}, {"model": "admin.logentry", "pk": 29, "fields": {"action_time": "2024-07-26T07:17:35.664Z", "user": 1, "content_type": 9, "object_id": "4", "object_repr": "Невский пр., д.22, корп.1, кв.11", "action_flag": 1, "change_message": "[{\"added\": {}}, {\"added\": {\"name\": \"counter\", \"object\": \"987654\"}}, {\"added\": {\"name\": \"counter\", \"object\": \"876543\"}}]"}}, {"model": "admin.logentry", "pk": 30, "fields": {"action_time": "2024-07-26T07:18:54.505Z", "user": 1, "content_type": 9, "object_id": "5", "object_repr": "Невский пр., д.22, корп.1, кв.14", "action_flag": 1, "change_message": "[{\"added\": {}}, {\"added\": {\"name\": \"counter\", \"object\": \"757453\"}}, {\"added\": {\"name\": \"counter\", \"object\": \"512425\"}}]"}}, {"model": "admin.logentry", "pk": 31, "fields": {"action_time": "2024-07-26T07:19:53.345Z", "user": 1, "content_type": 9, "object_id": "6", "object_repr": "Английская наб., д.13, кв.1", "action_flag": 1, "change_message": "[{\"added\": {}}, {\"added\": {\"name\": \"counter\", \"object\": \"cw19384\"}}, {\"added\": {\"name\": \"counter\", \"object\": \"hw84732\"}}]"}}, {"model": "admin.logentry", "pk": 32, "fields": {"action_time": "2024-07-26T07:20:46.469Z", "user": 1, "content_type": 9, "object_id": "7", "object_repr": "Английская наб., д.13, кв.14", "action_flag": 1, "change_message": "[{\"added\": {}}, {\"added\": {\"name\": \"counter\", \"object\": \"876547\"}}, {\"added\": {\"name\": \"counter\", \"object\": \"3047568\"}}]"}}, {"model": "admin.logentry", "pk": 33, "fields": {"action_time": "2024-07-26T07:21:38.387Z", "user": 1, "content_type": 9, "object_id": "8", "object_repr": "Садовая ул., д.2, корп.2, кв.5", "action_flag": 1, "change_message": "[{\"added\": {}}, {\"added\": {\"name\": \"counter\", \"object\": \"29384958\"}}, {\"added\": {\"name\": \"counter\", \"object\": \"94746736\"}}]"}}, {"model": "admin.logentry", "pk": 34, "fields": {"action_time": "2024-07-26T07:22:09.208Z", "user": 1, "content_type": 9, "object_id": "9", "object_repr": "Садовая ул., д.2, корп.2, кв.84", "action_flag": 1, "change_message": "[{\"added\": {}}, {\"added\": {\"name\": \"counter\", \"object\": \"3847656\"}}, {\"added\": {\"name\": \"counter\", \"object\": \"4846568\"}}]"}}, {"model": "admin.logentry", "pk": 35, "fields": {"action_time": "2024-07-26T07:22:48.446Z", "user": 1, "content_type": 9, "object_id": "10", "object_repr": "Садовая ул., д.2, корп.2, кв.63", "action_flag": 1, "change_message": "[{\"added\": {}}, {\"added\": {\"name\": \"counter\", \"object\": \"894w766\"}}, {\"added\": {\"name\": \"counter\", \"object\": \"8956y663\"}}]"}}, {"model": "auth.permission", "pk": 1, "fields": {"name": "Can add log entry", "content_type": 1, "codename": "add_logentry"}}, {"model": "auth.permission", "pk": 2, "fields": {"name": "Can change log entry", "content_type": 1, "codename": "change_logentry"}}, {"model": "auth.permission", "pk": 3, "fields": {"name": "Can delete log entry", "content_type": 1, "codename": "delete_logentry"}}, {"model": "auth.permission", "pk": 4, "fields": {"name": "Can view log entry", "content_type": 1, "codename": "view_logentry"}}, {"model": "auth.permission", "pk": 5, "fields": {"name": "Can add permission", "content_type": 2, "codename": "add_permission"}}, {"model": "auth.permission", "pk": 6, "fields": {"name": "Can change permission", "content_type": 2, "codename": "change_permission"}}, {"model": "auth.permission", "pk": 7, "fields": {"name": "Can delete permission", "content_type": 2, "codename": "delete_permission"}}, {"model": "auth.permission", "pk": 8, "fields": {"name": "Can view permission", "content_type": 2, "codename": "view_permission"}}, {"model": "auth.permission", "pk": 9, "fields": {"name": "Can add group", "content_type": 3, "codename": "add_group"}}, {"model": "auth.permission", "pk": 10, "fields": {"name": "Can change group", "content_type": 3, "codename": "change_group"}}, {"model": "auth.permission", "pk": 11, "fields": {"name": "Can delete group", "content_type": 3, "codename": "delete_group"}}, {"model": "auth.permission", "pk": 12, "fields": {"name": "Can view group", "content_type": 3, "codename": "view_group"}}, {"model": "auth.permission", "pk": 13, "fields": {"name": "Can add user", "content_type": 4, "codename": "add_user"}}, {"model": "auth.permission", "pk": 14, "fields": {"name": "Can change user", "content_type": 4, "codename": "change_user"}}, {"model": "auth.permission", "pk": 15, "fields": {"name": "Can delete user", "content_type": 4, "codename": "delete_user"}}, {"model": "auth.permission", "pk": 16, "fields": {"name": "Can view user", "content_type": 4, "codename": "view_user"}}, {"model": "auth.permission", "pk": 17, "fields": {"name": "Can add content type", "content_type": 5, "codename": "add_contenttype"}}, {"model": "auth.permission", "pk": 18, "fields": {"name": "Can change content type", "content_type": 5, "codename": "change_contenttype"}}, {"model": "auth.permission", "pk": 19, "fields": {"name": "Can delete content type", "content_type": 5, "codename": "delete_contenttype"}}, {"model": "auth.permission", "pk": 20, "fields": {"name": "Can view content type", "content_type": 5, "codename": "view_contenttype"}}, {"model": "auth.permission", "pk": 21, "fields": {"name": "Can add session", "content_type": 6, "codename": "add_session"}}, {"model": "auth.permission", "pk": 22, "fields": {"name": "Can change session", "content_type": 6, "codename": "change_session"}}, {"model": "auth.permission", "pk": 23, "fields": {"name": "Can delete session", "content_type": 6, "codename": "delete_session"}}, {"model": "auth.permission", "pk": 24, "fields": {"name": "Can view session", "content_type": 6, "codename": "view_session"}}, {"model": "auth.permission", "pk": 25, "fields": {"name": "Can add tariff", "content_type": 7, "codename": "add_tariff"}}, {"model": "auth.permission", "pk": 26, "fields": {"name": "Can change tariff", "content_type": 7, "codename": "change_tariff"}}, {"model": "auth.permission", "pk": 27, "fields": {"name": "Can delete tariff", "content_type": 7, "codename": "delete_tariff"}}, {"model": "auth.permission", "pk": 28, "fields": {"name": "Can view tariff", "content_type": 7, "codename": "view_tariff"}}, {"model": "auth.permission", "pk": 29, "fields": {"name": "Can add bill", "content_type": 8, "codename": "add_bill"}}, {"model": "auth.permission", "pk": 30, "fields": {"name": "Can change bill", "content_type": 8, "codename": "change_bill"}}, {"model": "auth.permission", "pk": 31, "fields": {"name": "Can delete bill", "content_type": 8, "codename": "delete_bill"}}, {"model": "auth.permission", "pk": 32, "fields": {"name": "Can view bill", "content_type": 8, "codename": "view_bill"}}, {"model": "auth.permission", "pk": 33, "fields": {"name": "Can add apartment", "content_type": 9, "codename": "add_apartment"}}, {"model": "auth.permission", "pk": 34, "fields": {"name": "Can change apartment", "content_type": 9, "codename": "change_apartment"}}, {"model": "auth.permission", "pk": 35, "fields": {"name": "Can delete apartment", "content_type": 9, "codename": "delete_apartment"}}, {"model": "auth.permission", "pk": 36, "fields": {"name": "Can view apartment", "content_type": 9, "codename": "view_apartment"}}, {"model": "auth.permission", "pk": 37, "fields": {"name": "Can add building", "content_type": 10, "codename": "add_building"}}, {"model": "auth.permission", "pk": 38, "fields": {"name": "Can change building", "content_type": 10, "codename": "change_building"}}, {"model": "auth.permission", "pk": 39, "fields": {"name": "Can delete building", "content_type": 10, "codename": "delete_building"}}, {"model": "auth.permission", "pk": 40, "fields": {"name": "Can view building", "content_type": 10, "codename": "view_building"}}, {"model": "auth.permission", "pk": 41, "fields": {"name": "Can add counter", "content_type": 11, "codename": "add_counter"}}, {"model": "auth.permission", "pk": 42, "fields": {"name": "Can change counter", "content_type": 11, "codename": "change_counter"}}, {"model": "auth.permission", "pk": 43, "fields": {"name": "Can delete counter", "content_type": 11, "codename": "delete_counter"}}, {"model": "auth.permission", "pk": 44, "fields": {"name": "Can view counter", "content_type": 11, "codename": "view_counter"}}, {"model": "auth.permission", "pk": 45, "fields": {"name": "Can add counter value", "content_type": 12, "codename": "add_countervalue"}}, {"model": "auth.permission", "pk": 46, "fields": {"name": "Can change counter value", "content_type": 12, "codename": "change_countervalue"}}, {"model": "auth.permission", "pk": 47, "fields": {"name": "Can delete counter value", "content_type": 12, "codename": "delete_countervalue"}}, {"model": "auth.permission", "pk": 48, "fields": {"name": "Can view counter value", "content_type": 12, "codename": "view_countervalue"}}, {"model": "auth.permission", "pk": 49, "fields": {"name": "Can add period", "content_type": 13, "codename": "add_period"}}, {"model": "auth.permission", "pk": 50, "fields": {"name": "Can change period", "content_type": 13, "codename": "change_period"}}, {"model": "auth.permission", "pk": 51, "fields": {"name": "Can delete period", "content_type": 13, "codename": "delete_period"}}, {"model": "auth.permission", "pk": 52, "fields": {"name": "Can view period", "content_type": 13, "codename": "view_period"}}, {"model": "auth.user", "pk": 1, "fields": {"password": "pbkdf2_sha256$720000$VZAIFTLpPks7NzIZ32OtKi$+g2uewZXDcWsuOUCUMhoiDM3/zmekaylmrxRwTFE4H8=", "last_login": "2024-07-26T06:58:03.400Z", "is_superuser": true, "username": "admin", "first_name": "", "last_name": "", "email": "admin@admin.ru", "is_staff": true, "is_active": true, "date_joined": "2024-07-26T06:52:11.182Z", "groups": [], "user_permissions": []}}, {"model": "contenttypes.contenttype", "pk": 1, "fields": {"app_label": "admin", "model": "logentry"}}, {"model": "contenttypes.contenttype", "pk": 2, "fields": {"app_label": "auth", "model": "permission"}}, {"model": "contenttypes.contenttype", "pk": 3, "fields": {"app_label": "auth", "model": "group"}}, {"model": "contenttypes.contenttype", "pk": 4, "fields": {"app_label": "auth", "model": "user"}}, {"model": "contenttypes.contenttype", "pk": 5, "fields": {"app_label": "contenttypes", "model": "contenttype"}}, {"model": "contenttypes.contenttype", "pk": 6, "fields": {"app_label": "sessions", "model": "session"}}, {"model": "contenttypes.contenttype", "pk": 7, "fields": {"app_label": "bills", "model": "tariff"}}, {"model": "contenttypes.contenttype", "pk": 8, "fields": {"app_label": "bills", "model": "bill"}}, {"model": "contenttypes.contenttype", "pk": 9, "fields": {"app_label": "apartments", "model": "apartment"}}, {"model": "contenttypes.contenttype", "pk": 10, "fields": {"app_label": "apartments", "model": "building"}}, {"model": "contenttypes.contenttype", "pk": 11, "fields": {"app_label": "apartments", "model": "counter"}}, {"model": "contenttypes.contenttype", "pk": 12, "fields": {"app_label": "apartments", "model": "countervalue"}}, {"model": "contenttypes.contenttype", "pk": 13, "fields": {"app_label": "apartments", "model": "period"}}, {"model": "sessions.session", "pk": "bfxvfre9hvgbso93y70h9pqzublgr7d7", "fields": {"session_data": ".eJxVjDsOwjAQBe_iGlnrL1pKes5g7doLDiBbipMKcXeIlALaNzPvpRKtS03rkDlNRZ2UUYffjSk_pG2g3Kndus69LfPEelP0Toe-9CLP8-7-HVQa9VsHKzmi4asAWyRDUIQNAFonx5gDIGcLYgAjeHQBg6NcHHlvJVgf1PsD3BQ3Iw:1sXEtv:qqM2s0gdL-d6zqv6b9RQraGL1gt-0q_1fbk4iAjdLYQ", "expire_date": "2024-08-09T06:58:03.404Z"}}, {"model": "bills.tariff", "pk": 1, "fields": {"name": "WA", "value": "36.54", "from_date": "2023-01-01", "until_date": null, "is_current": true}}, {"model": "bills.tariff", "pk": 2, "fields": {"name": "CP", "value": "6.99", "from_date": "2023-01-01", "until_date": null, "is_current": true}}, {"model": "apartments.building", "pk": 1, "fields": {"street": "Невский пр.", "house_number": 1, "bld_number": null}}, {"model": "apartments.building", "pk": 2, "fields": {"street": "Невский пр.", "house_number": 22, "bld_number": 1}}, {"model": "apartments.building", "pk": 3, "fields": {"street": "Английская наб.", "house_number": 13, "bld_number": null}}, {"model": "apartments.building", "pk": 4, "fields": {"street": "Садовая ул.", "house_number": 2, "bld_number": 2}}, {"model": "apartments.apartment", "pk": 1, "fields": {"building": 1, "number": 1, "square": "163.400"}}, {"model": "apartments.apartment", "pk": 2, "fields": {"building": 1, "number": 2, "square": "24.800"}}, {"model": "apartments.apartment", "pk": 3, "fields": {"building": 1, "number": 3, "square": "83.400"}}, {"model": "apartments.apartment", "pk": 4, "fields": {"building": 2, "number": 11, "square": "63.200"}}, {"model": "apartments.apartment", "pk": 5, "fields": {"building": 2, "number": 14, "square": "76.000"}}, {"model": "apartments.apartment", "pk": 6, "fields": {"building": 3, "number": 1, "square": "45.600"}}, {"model": "apartments.apartment", "pk": 7, "fields": {"building": 3, "number": 14, "square": "85.700"}}, {"model": "apartments.apartment", "pk": 8, "fields": {"building": 4, "number": 5, "square": "75.700"}}, {"model": "apartments.apartment", "pk": 9, "fields": {"building": 4, "number": 84, "square": "62.800"}}, {"model": "apartments.apartment", "pk": 10, "fields": {"building": 4, "number": 63, "square": "105.800"}}, {"model": "apartments.counter", "pk": 1, "fields": {"apartment": 1, "number": "w00003"}}, {"model": "apartments.counter", "pk": 2, "fields": {"apartment": 1, "number": "w00024"}}, {"model": "apartments.counter", "pk": 3, "fields": {"apartment": 2, "number": "w00004"}}, {"model": "apartments.counter", "pk": 4, "fields": {"apartment": 2, "number": "w00028"}}, {"model": "apartments.counter", "pk": 5, "fields": {"apartment": 3, "number": "123456"}}, {"model": "apartments.counter", "pk": 6, "fields": {"apartment": 3, "number": "234567"}}, {"model": "apartments.counter", "pk": 7, "fields": {"apartment": 4, "number": "987654"}}, {"model": "apartments.counter", "pk": 8, "fields": {"apartment": 4, "number": "876543"}}, {"model": "apartments.counter", "pk": 9, "fields": {"apartment": 5, "number": "757453"}}, {"model": "apartments.counter", "pk": 10, "fields": {"apartment": 5, "number": "512425"}}, {"model": "apartments.counter", "pk": 11, "fields": {"apartment": 6, "number": "cw19384"}}, {"model": "apartments.counter", "pk": 12, "fields": {"apartment": 6, "number": "hw84732"}}, {"model": "apartments.counter", "pk": 13, "fields": {"apartment": 7, "number": "876547"}}, {"model": "apartments.counter", "pk": 14, "fields": {"apartment": 7, "number": "3047568"}}, {"model": "apartments.counter", "pk": 15, "fields": {"apartment": 8, "number": "29384958"}}, {"model": "apartments.counter", "pk": 16, "fields": {"apartment": 8, "number": "94746736"}}, {"model": "apartments.counter", "pk": 17, "fields": {"apartment": 9, "number": "3847656"}}, {"model": "apartments.counter", "pk": 18, "fields": {"apartment": 9, "number": "4846568"}}, {"model": "apartments.counter", "pk": 19, "fields": {"apartment": 10, "number": "894w766"}}, {"model": "apartments.counter", "pk": 20, "fields": {"apartment": 10, "number": "8956y663"}}, {"model": "apartments.period", "pk": 1, "fields": {"month": 1, "year": 2023}}, {"model": "apartments.period", "pk": 2, "fields": {"month": 2, "year": 2023}}, {"model": "apartments.period", "pk": 3, "fields": {"month": 3, "year": 2023}}, {"model": "apartments.period", "pk": 4, "fields": {"month": 4, "year": 2023}}, {"model": "apartments.period", "pk": 5, "fields": {"month": 5, "year": 2023}}, {"model": "apartments.period", "pk": 6, "fields": {"month": 6, "year": 2023}}, {"model": "apartments.period", "pk": 7, "fields": {"month": 7, "year": 2023}}, {"model": "apartments.period", "pk": 8, "fields": {"month": 8, "year": 2023}}, {"model": "apartments.period", "pk": 9, "fields": {"month": 9, "year": 2023}}, {"model": "apartments.period", "pk": 10, "fields": {"month": 10, "year": 2023}}, {"model": "apartments.period", "pk": 11, "fields": {"month": 11, "year": 2023}}, {"model": "apartments.period", "pk": 12, "fields": {"month": 12, "year": 2023}}, {"model": "apartments.period", "pk": 13, "fields": {"month": 1, "year": 2024}}, {"model": "apartments.period", "pk": 14, "fields": {"month": 2, "year": 2024}}, {"model": "apartments.period", "pk": 15, "fields": {"month": 3, "year": 2024}}, {"model": "apartments.period", "pk": 16, "fields": {"month": 5, "year": 2024}}, {"model": "apartments.period", "pk": 17, "fields": {"month": 6, "year": 2024}}, {"model": "apartments.period", "pk": 18, "fields": {"month": 7, "year": 2024}}, {"model": "apartments.period", "pk": 19, "fields": {"month": 4, "year": 2024}}]